"HARM"	"Alcohol"	"Heroin"	"Crack"	"Methylamphet"	"Cocaine"	"Tobacco"	"Amphetamine"	"Cannabis"	"GHB"	"Benzodiazepines"	"Ketamine"	"Methadone"	"Mephedrone"	"Butane"	"Khat"	"Anabolic Steroids"	"Ecstasy"	"LSD"	"Buprenorphine"	"Mushrooms"	
"TO USERS"	56.3927576601671	73.3704735376045	79.83286908078	69.1225626740947	42.5626740947075	37.4512534818942	41.0306406685237	25.4038997214485	38.050139275766	27.5766016713092	29.0389972144847	25.041782729805	26.1281337047354	21.8356545961003	17.9805013927577	18.3147632311978	18.6072423398329	15.041782729805	11.8384401114206	12.0473537604457	
"TO OTHERS"	84.9411764705882	39.8235294117647	32.2941176470588	2.2	14.3647058823529	16.9764705882353	8.05882352941176	15.4117647058824	2.29411764705882	5.11764705882353	3.30588235294118	4.67058823529412	1.51764705882353	1.42352941176471	1.32941176470588	2.31764705882353	1.02352941176471	0.294117647058823	2.34117647058824	0.0588235294117647	0.605436215248683
